{"stat.craftItem.minecraft.diamond_chestplate":1,"stat.chestOpened":13,"stat.useItem.minecraft.bow":2,"stat.craftItem.minecraft.diamond_leggings":1,"stat.useItem.minecraft.stone":111,"stat.leaveGame":30,"stat.useItem.minecraft.skull":2,"stat.useItem.minecraft.carpet":1,"stat.useItem.minecraft.diamond_sword":1,"stat.useItem.minecraft.potion":2,"stat.useItem.minecraft.glowstone":23,"stat.craftItem.minecraft.diamond_helmet":1,"stat.craftItem.minecraft.diamond_sword":1,"stat.jump":1240,"stat.swimOneCm":19654,"stat.fallOneCm":13646,"stat.climbOneCm":4155,"stat.useItem.minecraft.planks":8,"stat.crouchOneCm":29531,"stat.enderchestOpened":3,"stat.useItem.minecraft.mycelium":12,"stat.useItem.minecraft.dirt":1915,"stat.useItem.minecraft.mob_spawner":1,"achievement.exploreAllBiomes":{"value":0,"progress":["Birch Forest Hills","Roofed Forest M","Beach","Stone Beach","Birch Forest","Roofed Forest","River","Ocean","Forest","Plains","Extreme Hills"]},"stat.craftingTableInteraction":6,"stat.useItem.minecraft.vine":18,"stat.damageTaken":593,"stat.useItem.minecraft.brick_block":1,"stat.useItem.minecraft.anvil":2,"stat.flyOneCm":3034619,"stat.useItem.minecraft.brown_mushroom":1,"stat.useItem.minecraft.stone_sword":13,"stat.damageDealt":1868,"stat.useItem.minecraft.wool":15,"stat.timeSinceDeath":595306,"stat.killEntity.Cow":2,"stat.useItem.minecraft.sign":30,"stat.useItem.minecraft.crafting_table":1,"stat.useItem.minecraft.spawn_egg":13,"stat.useItem.minecraft.iron_bars":2,"stat.walkOneCm":694731,"stat.playerKills":2,"stat.useItem.minecraft.chest":6,"stat.useItem.minecraft.log":14,"stat.useItem.minecraft.cobblestone":2,"stat.useItem.minecraft.armor_stand":13,"stat.craftItem.minecraft.diamond_boots":1,"stat.useItem.minecraft.item_frame":101,"stat.useItem.minecraft.stained_hardened_clay":80,"stat.killEntity.Squid":1,"stat.useItem.minecraft.trapdoor":10,"stat.useItem.minecraft.leaves":4,"stat.sprintOneCm":262687,"stat.useItem.minecraft.stained_glass":4,"stat.useItem.minecraft.tallgrass":6,"stat.useItem.minecraft.stone_slab":36,"achievement.openInventory":111,"stat.useItem.minecraft.flint_and_steel":2,"stat.killEntity.Spider":1,"stat.useItem.minecraft.stone_pressure_plate":1,"stat.mobKills":5,"stat.useItem.minecraft.stonebrick":78,"stat.useItem.minecraft.dye":1845,"stat.useItem.minecraft.bucket":2,"stat.deaths":1,"stat.useItem.minecraft.mossy_cobblestone":52,"stat.drop":1,"stat.playOneMinute":596692,"stat.craftItem.minecraft.diamond_pickaxe":1,"stat.killEntity.Zombie":1,"stat.useItem.minecraft.wooden_axe":3,"stat.diveOneCm":124247}