{"stat.chestOpened":4,"stat.craftItem.minecraft.diamond_chestplate":1,"stat.useItem.minecraft.bow":14,"stat.walkOneCm":228783,"stat.craftItem.minecraft.diamond_leggings":1,"stat.leaveGame":5,"stat.furnaceInteraction":1,"stat.mineBlock.minecraft.coal_ore":4,"stat.killEntity.LavaSlime":1,"stat.killEntity.Creeper":3,"stat.useItem.minecraft.diamond_sword":52,"stat.craftItem.minecraft.diamond_helmet":1,"stat.craftItem.minecraft.diamond_sword":1,"stat.killEntity.PigZombie":5,"stat.craftItem.minecraft.diamond_boots":1,"stat.jump":404,"stat.swimOneCm":914,"stat.climbOneCm":3041,"stat.crouchOneCm":135,"stat.enderchestOpened":5,"stat.sprintOneCm":87837,"stat.useItem.minecraft.diamond_shovel":2,"achievement.exploreAllBiomes":{"value":0,"progress":["Birch Forest Hills","Beach","Birch Forest","River","Plains","Extreme Hills","Savanna","Hell"]},"stat.craftItem.minecraft.stick":8,"stat.craftingTableInteraction":2,"stat.killEntity.Skeleton":8,"achievement.openInventory":13,"stat.killEntity.Chicken":1,"stat.killEntity.Spider":3,"stat.damageTaken":407,"stat.useItem.minecraft.diamond_pickaxe":11,"stat.mobKills":31,"stat.killEntity.CaveSpider":2,"stat.flyOneCm":106666,"stat.deaths":2,"stat.mineBlock.minecraft.leaves":1,"stat.playOneMinute":44099,"stat.mineBlock.minecraft.redstone_ore":1,"stat.damageDealt":8020,"stat.craftItem.minecraft.diamond_pickaxe":1,"stat.mineBlock.minecraft.iron_ore":6,"stat.killEntity.Zombie":4,"stat.timeSinceDeath":2806,"stat.killEntity.Cow":1,"stat.useItem.minecraft.iron_pickaxe":13,"stat.mineBlock.minecraft.stone":11,"stat.killEntity.Pig":2,"stat.mineBlock.minecraft.gold_ore":1,"stat.mineBlock.minecraft.tallgrass":1,"stat.diveOneCm":369}