{"stat.walkOneCm":126058,"stat.leaveGame":11,"stat.mineBlock.minecraft.cobblestone":1,"stat.mineBlock.minecraft.coal_ore":2,"stat.useItem.minecraft.carpet":6,"stat.mineBlock.minecraft.emerald_ore":2,"stat.useItem.minecraft.diamond_sword":3,"stat.craftItem.minecraft.diamond_sword":1,"stat.jump":155,"stat.fallOneCm":16598,"stat.climbOneCm":1365,"stat.useItem.minecraft.milk_bucket":1,"stat.crouchOneCm":287,"stat.enderchestOpened":1,"stat.useItem.minecraft.mycelium":28,"stat.useItem.minecraft.redstone_torch":1,"stat.useItem.minecraft.dirt":16,"stat.sprintOneCm":49681,"achievement.exploreAllBiomes":{"value":0,"progress":["Birch Forest Hills","Birch Forest","River","Desert","Extreme Hills"]},"stat.craftingTableInteraction":1,"achievement.openInventory":26,"stat.mineBlock.minecraft.diamond_ore":1,"stat.killEntity.Spider":1,"stat.mineBlock.minecraft.melon_block":2,"stat.mobKills":1,"stat.useItem.minecraft.stonebrick":41,"stat.flyOneCm":90347,"stat.mineBlock.minecraft.sand":4,"stat.mineBlock.minecraft.leaves":1,"stat.playOneMinute":43753,"stat.mineBlock.minecraft.redstone_ore":2,"stat.damageDealt":1244,"stat.mineBlock.minecraft.iron_ore":7,"stat.timeSinceDeath":43753,"stat.useItem.minecraft.iron_pickaxe":27,"stat.useItem.minecraft.spawn_egg":4,"stat.mineBlock.minecraft.stone":7,"stat.mineBlock.minecraft.gold_ore":5,"stat.mineBlock.minecraft.tallgrass":3}