{"stat.chestOpened":1,"stat.beaconInteraction":1,"stat.craftItem.minecraft.diamond_chestplate":2,"stat.useItem.minecraft.bow":78,"stat.craftItem.minecraft.diamond_leggings":1,"stat.useItem.minecraft.stone":69,"stat.useItem.minecraft.quartz_stairs":9,"stat.leaveGame":60,"stat.useItem.minecraft.sponge":1,"stat.killEntity.Slime":12,"stat.useItem.minecraft.soul_sand":10,"stat.useItem.minecraft.skull":9,"stat.useItem.minecraft.ender_chest":9,"stat.useItem.minecraft.diamond_sword":70,"stat.useItem.minecraft.potion":2,"stat.useItem.minecraft.glowstone":14,"stat.craftItem.minecraft.diamond_helmet":1,"stat.killEntity.PigZombie":1,"stat.craftItem.minecraft.diamond_sword":1,"stat.jump":2537,"stat.swimOneCm":5521,"stat.climbOneCm":6333,"stat.fallOneCm":43270,"stat.crouchOneCm":34745,"stat.enderchestOpened":13,"stat.useItem.minecraft.obsidian":2,"stat.useItem.minecraft.dirt":278,"achievement.exploreAllBiomes":{"value":0,"progress":["Birch Forest Hills","Savanna Plateau","Beach","Stone Beach","Birch Forest","Extreme Hills+","River","Ocean","Plains","Extreme Hills","Savanna"]},"stat.mineBlock.minecraft.red_mushroom":1,"stat.craftingTableInteraction":5,"stat.useItem.minecraft.sapling":50,"stat.useItem.minecraft.redstone_lamp":1,"stat.damageTaken":655395,"stat.killEntity.CaveSpider":3,"stat.useItem.minecraft.anvil":4,"stat.flyOneCm":1278221,"stat.useItem.minecraft.red_mushroom":1,"stat.useItem.minecraft.stone_sword":21,"stat.damageDealt":13227,"stat.useItem.minecraft.wool":36,"stat.timeSinceDeath":65848,"stat.killEntity.Cow":3,"stat.useItem.minecraft.sign":24,"stat.useItem.minecraft.crafting_table":5,"stat.useItem.minecraft.spawn_egg":33,"stat.useItem.minecraft.wooden_slab":5,"stat.killEntity.Pig":7,"stat.walkOneCm":1270084,"stat.useItem.minecraft.log":1,"stat.useItem.minecraft.cobblestone":5,"stat.useItem.minecraft.gravel":16,"stat.killEntity.LavaSlime":2,"stat.killEntity.Creeper":1,"stat.craftItem.minecraft.diamond_boots":1,"stat.useItem.minecraft.redstone_block":2,"stat.useItem.minecraft.item_frame":205,"stat.useItem.minecraft.sea_lantern":2,"stat.useItem.minecraft.milk_bucket":1,"stat.useItem.minecraft.red_sandstone":1,"stat.useItem.minecraft.spruce_stairs":97,"stat.useItem.minecraft.stained_hardened_clay":40,"stat.useItem.minecraft.trapdoor":6,"stat.mineBlock.minecraft.stained_hardened_clay":1,"stat.sprintOneCm":596333,"stat.useItem.minecraft.diamond_block":2,"stat.useItem.minecraft.stained_glass":1,"stat.useItem.minecraft.prismarine":4,"stat.killEntity.Skeleton":1,"stat.useItem.minecraft.stone_slab":10,"achievement.openInventory":419,"stat.useItem.minecraft.iron_sword":1,"stat.useItem.minecraft.barrier":12,"stat.itemEnchanted":1,"stat.useItem.minecraft.iron_block":2,"stat.useItem.minecraft.diamond_pickaxe":3,"stat.mobKills":37,"stat.useItem.minecraft.stonebrick":189,"stat.useItem.minecraft.dye":145,"stat.deaths":2,"stat.drop":11,"stat.playOneMinute":907947,"stat.craftItem.minecraft.leather_chestplate":1,"stat.craftItem.minecraft.emerald":18,"stat.craftItem.minecraft.diamond_pickaxe":1,"stat.killEntity.Zombie":5,"stat.useItem.minecraft.wooden_axe":58,"stat.mineBlock.minecraft.stone":1,"stat.mineBlock.minecraft.gold_ore":1,"stat.mineBlock.minecraft.tallgrass":4,"stat.diveOneCm":3904}