{"stat.walkOneCm":51450,"achievement.openInventory":11,"stat.mineBlock.minecraft.diamond_ore":4,"stat.leaveGame":6,"stat.mineBlock.minecraft.cobblestone":6,"stat.mobKills":1,"stat.mineBlock.minecraft.coal_ore":12,"stat.useItem.minecraft.diamond_sword":1,"stat.mineBlock.minecraft.emerald_ore":4,"stat.flyOneCm":43051,"stat.jump":167,"stat.playOneMinute":18794,"stat.mineBlock.minecraft.gravel":2,"stat.mineBlock.minecraft.redstone_ore":10,"stat.damageDealt":273,"stat.crouchOneCm":439,"stat.mineBlock.minecraft.iron_ore":11,"stat.killEntity.Zombie":1,"stat.enderchestOpened":2,"stat.timeSinceDeath":18794,"stat.sprintOneCm":27272,"stat.useItem.minecraft.iron_pickaxe":88,"stat.useItem.minecraft.spawn_egg":1,"stat.mineBlock.minecraft.stone":26,"stat.mineBlock.minecraft.gold_ore":13,"achievement.exploreAllBiomes":{"value":0,"progress":["Birch Forest Hills","ForestHills","Birch Forest","River","Plains"]},"stat.mineBlock.minecraft.tallgrass":6}