{"stat.useItem.minecraft.glass":381,"stat.walkOneCm":90856,"achievement.openInventory":15,"stat.useItem.minecraft.stone":3,"stat.leaveGame":1,"stat.damageTaken":720,"stat.useItem.minecraft.potion":2,"stat.useItem.minecraft.glowstone":18,"stat.flyOneCm":895124,"stat.deaths":2,"stat.drop":1,"stat.jump":268,"stat.swimOneCm":33060,"stat.playOneMinute":88461,"stat.fallOneCm":269,"stat.climbOneCm":192,"stat.damageDealt":40,"stat.crouchOneCm":2674,"stat.useItem.minecraft.wool":199,"stat.timeSinceDeath":86674,"stat.useItem.minecraft.dirt":4614,"stat.sprintOneCm":28345,"achievement.exploreAllBiomes":{"value":0,"progress":["Birch Forest Hills","Beach","Stone Beach","Birch Forest","River","Ocean","Plains","Extreme Hills"]},"stat.diveOneCm":255172}