{"stat.flyOneCm":35546,"stat.walkOneCm":151036,"stat.jump":156,"stat.swimOneCm":2323,"stat.playOneMinute":12427,"stat.mineBlock.minecraft.diamond_ore":1,"stat.leaveGame":1,"stat.timeSinceDeath":12427,"stat.sprintOneCm":31518,"stat.useItem.minecraft.iron_pickaxe":48,"stat.mineBlock.minecraft.coal_ore":1,"stat.mineBlock.minecraft.stone":1,"achievement.exploreAllBiomes":{"value":0,"progress":["Birch Forest Hills","Mesa","Mesa Plateau","Jungle","Forest","River","Plains","Extreme Hills","Savanna"]},"stat.mineBlock.minecraft.hardened_clay":45,"stat.diveOneCm":2319}