{"stat.useItem.minecraft.bow":1,"stat.walkOneCm":707954,"stat.useItem.minecraft.torch":2,"stat.useItem.minecraft.quartz_block":63,"stat.useItem.minecraft.stone":8,"stat.useItem.minecraft.quartz_stairs":59,"stat.leaveGame":13,"stat.useItem.minecraft.cobblestone":28,"stat.useItem.minecraft.gravel":8,"stat.useItem.minecraft.skull":8,"stat.useItem.minecraft.glowstone":1,"stat.jump":563,"stat.swimOneCm":56,"stat.useItem.minecraft.sand":2,"stat.climbOneCm":498,"stat.useItem.minecraft.planks":200,"stat.fallOneCm":42981,"stat.useItem.minecraft.spruce_stairs":15,"stat.crouchOneCm":11234,"achievement.mineWood":2,"stat.useItem.minecraft.stained_hardened_clay":8,"stat.useItem.minecraft.nether_brick_fence":1,"stat.useItem.minecraft.dirt":61,"stat.sprintOneCm":233610,"stat.useItem.minecraft.stained_glass":23,"achievement.exploreAllBiomes":{"value":0,"progress":["Birch Forest Hills","Sunflower Plains","Savanna Plateau","Mesa","Birch Forest","Plains","Beach","Mesa Plateau","Jungle","Ocean","River","Forest","Taiga","Extreme Hills","Swampland","Savanna"]},"stat.useItem.minecraft.fence":23,"stat.useItem.minecraft.stone_slab":81,"achievement.openInventory":62,"stat.useItem.minecraft.barrier":2,"stat.damageTaken":1625,"stat.mineBlock.minecraft.crafting_table":1,"stat.flyOneCm":512321,"stat.deaths":4,"stat.playOneMinute":151375,"stat.damageDealt":40,"stat.timeSinceDeath":667,"stat.useItem.minecraft.sign":88,"stat.useItem.minecraft.crafting_table":1,"stat.useItem.minecraft.spawn_egg":2,"stat.useItem.minecraft.wooden_slab":87,"stat.diveOneCm":4007}