{"stat.chestOpened":4,"stat.useItem.minecraft.bow":1,"stat.killEntity.Skeleton":1,"stat.walkOneCm":195247,"stat.craftItem.minecraft.diamond_leggings":1,"stat.itemEnchanted":1,"stat.leaveGame":6,"stat.damageTaken":200,"stat.killEntity.Spider":2,"stat.useItem.minecraft.skull":2,"stat.mobKills":4,"stat.useItem.minecraft.diamond_sword":8,"stat.craftItem.minecraft.diamond_helmet":1,"stat.flyOneCm":165513,"stat.deaths":1,"stat.jump":110,"stat.playOneMinute":23852,"stat.fallOneCm":1438,"stat.damageDealt":760,"stat.crouchOneCm":434,"stat.timeSinceDeath":9385,"stat.sprintOneCm":41245,"stat.killEntity.Pig":1,"achievement.exploreAllBiomes":{"value":0,"progress":["Birch Forest Hills","Birch Forest","Roofed Forest","Jungle","River","Forest","Plains","Extreme Hills"]},"stat.craftingTableInteraction":1}