{"stat.useItem.89":13,"achievement.openInventory":98,"stat.damageDealt":1185,"achievement.exploreAllBiomes":{"value":0,"progress":["Ocean","Plains","FrozenOcean","River"]},"stat.useItem.50":3,"stat.useItem.24":3,"stat.useItem.5":1,"stat.useItem.323":26,"stat.fallOneCm":6716,"stat.flyOneCm":1341158,"stat.useItem.152":58,"stat.climbOneCm":1064,"stat.useItem.95":10,"stat.useItem.18":9,"stat.damageTaken":33325,"stat.useItem.4":64,"stat.useItem.80":94,"stat.leaveGame":23,"stat.diveOneCm":988,"stat.useItem.330":1,"stat.useItem.41":1,"stat.playOneMinute":352913,"stat.useItem.134":1,"stat.useItem.123":45,"stat.useItem.85":15,"stat.jump":1440,"stat.useItem.1":7,"stat.swimOneCm":3621,"stat.useItem.268":7,"stat.useItem.20":352,"stat.useItem.389":189,"stat.useItem.98":1,"stat.walkOneCm":862175,"stat.useItem.35":10,"stat.useItem.101":8,"stat.useItem.44":84,"stat.useItem.276":7}