{"stat.damageDealt":630,"achievement.exploreAllBiomes":{"value":0,"progress":["Plains","River"]},"achievement.openInventory":9,"stat.useItem.5":6,"stat.useItem.323":1,"stat.climbOneCm":1105,"stat.useItem.95":125,"stat.fallOneCm":7443,"stat.flyOneCm":526135,"stat.drop":3,"stat.damageTaken":2600,"stat.playOneMinute":75045,"stat.leaveGame":6,"stat.diveOneCm":4381,"stat.useItem.17":8,"stat.jump":589,"stat.swimOneCm":1711,"stat.useItem.268":3,"stat.useItem.20":26,"stat.useItem.389":16,"stat.useItem.98":1,"stat.walkOneCm":377714,"stat.useItem.44":12,"stat.useItem.276":6,"stat.useItem.67":13}