{"achievement.openInventory":277,"stat.damageDealt":2905,"stat.useItem.96":1,"stat.useItem.3":11,"achievement.exploreAllBiomes":{"value":0,"progress":["Ocean","Plains","FrozenOcean","River"]},"stat.killEntity.Cow":1,"stat.useItem.5":394,"stat.useItem.323":117,"stat.fallOneCm":95070,"stat.flyOneCm":12501538,"stat.useItem.95":4,"stat.climbOneCm":8422,"stat.drop":12,"stat.damageTaken":29267,"stat.useItem.4":20,"stat.useItem.70":4,"stat.useItem.80":66,"stat.leaveGame":82,"stat.killEntity.Creeper":1,"stat.diveOneCm":18946,"stat.useItem.57":332,"stat.playOneMinute":1233302,"stat.useItem.17":73,"stat.killEntity.Pig":1,"stat.useItem.85":26,"stat.deaths":3,"stat.swimOneCm":14804,"stat.useItem.268":23,"stat.useItem.389":165,"stat.mobKills":4,"stat.useItem.98":33,"stat.walkOneCm":1922092,"stat.killEntity.Zombie":1,"stat.useItem.35":215,"stat.useItem.44":14,"stat.useItem.276":18,"stat.useItem.7":5,"stat.jump":6212,"stat.useItem.1":227,"stat.useItem.20":665,"stat.useItem.101":1}